"review_no","product_id","createDate","userNickName","content"
"59936839","4138102","2024-05-26","ctrl0","배송 하루만에 왔어요! 정사이즈 시켰는데 저한텐 조금 헐렁거렸눈데 신발끈 조이면 괜찮을지도,, 그리고 신발 딱딱합니담"
"58874121","3976349","2024-05-04","킹냐뇽","역시 에어포스라 그런지 키높이도 어느정도 있고 디자인도 무난해서 왠만한 옷이랑 다 잘어울립니다"
"58453180","3976349","2024-04-25","Namain","나이키 에어포스1은 나이키에서도 머스트헤브아이템이죠. 그중에서도 올백 올검은 한번쯤은 신어봤을 아이템인데 그제품을 무신사에서 사서 너무 신기라고 좋습니다."
"58983634","3976350","2024-05-06","곱창헤헿"," 이번 무신사 나이키 입점으로 저렴하게 백포스 구매했습니다.
저는 정 사이즈로 갔고 양품으로 잘 도착했어요~"
"58046954","3976349","2024-04-16","YOMGN","근본템 이번에 무신사에서 구매할 수 있어서 좋은 가격에 구매했습니다! 평소에 뉴발 아식스 반업해서 260 신는데 포스는 255가 적당하네요ㅎㅎ

그리고 고양이가 더 좋아해서 만족해요^^"
"75574759","4138102","2025-06-23","베비키티","평소 250신는데 에어포스는 크게 나와서
항상 245 삽니DA!!
에어포스 올백만 10년 신다가 화이트블랙 세일하길래..큰 맘 먹고 다른 에어포스 구매해보네요..
착화감은 뭔가 에어포스 화이트블랙이 더 좋은 느낌??
겉 재질이 좀 달라서 아쉽긴 한데
전제적으로 뭐 괜찮습니다
그치만 이번에 또 몇년 신으면..다음엔 올백으루..
(애존 바지 산김에 빵댕쓰 자랑도 좀 할겡요🥵🥵)"
"69398330","3976349","2024-12-28","엉큼한감자","근본이에요 이쁘구여 편해서 좋아요 기본으로 하나 사는거 무조건 추천"
"69657200","3976349","2025-01-07","대담한시카고바지","잘 신고 있는데 왼쪽 앞꿈치부분에 걸을때마다 뭔가 튀어나온 느낌이 드네요 ㅜㅜ 안쪽이라 확인할 수가 없어서 그냥 신고 있긴한데 좀 거슬려서 아쉬워요 그래도 디자인은 이쁘고 사이즈도 적당히 잘 맞아서 그 점은 만족스러워요 아무 코디에나 잘 어울리는 편한 신발이에요!"
"67070636","3976349","2024-11-15","User_19137","오늘도 만족하면서 신는 에어포스
스테디인 이유가 있다고 생각합니다
강추드려요 !! 화이트도 국밥처럼 신을 수 있어요"
"66187636","3976349","2024-10-10","Next Level",""
"62820735","3976349","2024-07-22","이섀우","올백포스 잘 신고 다니다가 올검포스도 이뻐보여서 샀는데 올백포스랑은 다른 맛이어서 너무 마음에 들어요
소재가 가죽이어서 약간 구두 같은 느낌도 나는 거 같고 어디에나 매치하기 쉬워요"
"62561947","3976350","2024-07-16","마포호랑이","후뚜루마뚜루 기본 신발 이만한 게 없는 것 같아요!"
"62270996","3976349","2024-07-09","피가끓는청색캡","출퇴근용 신발입니다. 구두랑 차이가 안나서 이거만 신고 있네요. 여름에 조금 더운거만 빼면 애장템입니다. "
"77599804","3976350","2025-08-12","･","빠르게 배송받아볼 수 있어서 만족스러웠습니다."
"61936169","3976349","2024-07-04","fksncisk","무채색 코디할때 쉽게 선택할 수 있는 편한 신발같습니다"
"61562676","3976349","2024-06-29","소프트한하와이캡","무신사에서 나이키라니!
너무 합리적인 가격으로 잘 구매했습니다.!
올백포스는 아마 있으실텐데요 무난한 기본 신발로 올검포스도 추천하고 싶어요
발도 편하고 어떤 코디에도 잘 어울리고 봄, 여름, 가을, 겨울 4계절을 모두 신을 수 있다는 점도 가장 큰 장점 중 하나인 것 같아요

청바지부터 트레이닝팬츠까지 어떤코디에도 무난하게 잘 어울려서 자주 손이 갈 것 같습니다.!"
"61048652","3976349","2024-06-21","망동냉고","배송 빠르고 포장도 잘 돼서 옵니다. 포스자체가 좀 무거워서 불편한감이 좀 있지만 이쁜맛으로 신고있슴다. 빨리 길들여졌으면...."
"60773641","3976349","2024-06-14","우민화정책","올백 포스는 너무 심심할 것 같아서 올검 포스로 사봤는데 너무 예쁘네요"
"60292625","4138102","2024-06-03","민두22","235~240신어서 235로 샀는데 살짝 커요
근데 신경쓰이는 정도는 아니여서 잘 신고 있아요"
"59513694","3976349","2024-05-17","붑치킨밥치킨","디자인도 너무 좋고 사이즈가 딱 맞았습니다 그리고 배송도 빨라서 좋았습니다"
"59255533","4097739","2024-05-11","권퍽퍽밤고구미","컨버스 265신는 발볼러인데 260사이즈 딱 맞네요"
"59129987","3976349","2024-05-09","온샘이","나이키 에어포스 원단이나 마감 등도 맘에 들어서 좋았습니다. 색감도 여기저기 매치하기 편해서 좋습니다. 블랙색상이라 스트릿이나 캐쥬얼한 용도로 신으면 여러가지 룩들에 찰떡으로 어울릴거같습니다."
"59083586","4097739","2024-05-08","쓰루마이쏘로우","막내아이 원픽 전엔 핑크 이번엔 블루 무신사는 믿고사요 타쇼핑몰은 가짜가 너무많음요 아이가 이번거 너무맘에든다고 팔짝팔짝 뛰네요"
"59043328","3976349","2024-05-07","날찍어라용자요","나이키 에어포스 국민템 이벤트할때 말도안되는  가격으로 득템하게 되어 너무 잘신고 다닙니다👍 택배는 다음날 바로 와서 빨랐습니다.착화감은 다들 아시다싶이 편하거나 그러진않아여..오래신으며 조금 불편한 너낌스? 하지만 굽도높고 이쁘긴 합니다 감사합니당"
"58793923","3976350","2024-05-02","flsnam","무신사에 나이키가 들어와서 너무 좋네요 합리적인 가격에 좋은 제품 구할 수 있어서 좋습니다 앞으로 응원합니다!"
"58339011","3976350","2024-04-22","화정동랄프로렌","1. 나이키 운동화를 무신사에서 구입하는 날이 오네요.
2. 에어포스1은 말이 필요없는 기본 운동화죠. 제가 대학생이었던 20년전이나 지금이나 여전히 사랑받고 있는 신발입니다.

3. 데님, 치노팬츠, 스웻팬츠, 카고, 슬랙스 어떤 바지와 어떤 스타일과도 다 어울리는 신발입니다. 색상처럼 하얀 도화지 같은 신발이에요.

4. 나름 키높이 효과도 있어요.

5. 올 화이트라 관리를 잘 해줘야 오래 신을 수 있습니다. 착용 후 귀가했을때 지우개나 클렌징티슈로 얼룩제거하는걸 추천드립니다.

6. 무신사 쿠폰, 적립금으로 저렴하게 구입해서 기분이 좋습니다.
7. 아직 에어포스1이 신발장에 없는분은 꼭 하나 장만하시길 바랍니다."
"58287609","3976350","2024-04-21","Pyo__-","배송도 빠르고 할인들어가서 싸게 잘 구매했습니다.
필요했던 아이템이었는데 쟁여둬서 좋아요"
"58274035","3976350","2024-04-21","당근이g","배송 너무 빨라서 지렸습니다 에어포스.. 유행도 타지 않고 어떻게 매치해도 무난한 필수 템인듯.. 무신사에서 싸게 잘 구매한 거 같아요!"
"58160507","3976350","2024-04-18","킥버네이너","근본슈즈 올백 에어포스1!! 한번 샀으니 다른 신발찾자 라는 생각보다도 꾸준히 구입하게 되는 매력이 있어요."
"58134380","3976349","2024-04-18","순수한보라색무드","발등, 발볼 평균이고 평상시 275 신는데 사이즈 아주 잘 맞습니다
와이드한 바지랑 다양한 무드에 잘 어울리네요
배송 아주 빨랐고 가품 걱정할필요 없이 상태 너무 좋습니다😘
입점 기념으로 아주 저렴하게 구매해서 마음에 드네요!
"
"58081637","3976349","2024-04-17","근사한노랑리본","사이즈 정사이즈로 잘맞고 어디에 신어도 다 잘어울려요!"
"58063083","3976349","2024-04-16","토끼장모치와와","나이키는 무조건 추천이죠!! 올백포스보단 요즘 올검포스가 더 끌리는 것 같습니다! 근본 중의 근본 포스 짱! 넘넘 이쩌요!! 봄에 반바지랑도 어울릴듯"
"58047848","3976350","2024-04-16","수윀","나이키코리아 제품을 무신사에서 만나볼수있다니 
더군다나 할인 된 금액으로 구매해서 너무 좋습니다
무신사가 갓신사가 되었습니다"
"58045461","3976350","2024-04-16","최돼랑이","받자마자 추억이 새록새록  떠오르네요  고등학생때 신었었는데  오랜만에 다시만난 포스 너무 반갑네요"
"58030695","3976349","2024-04-16","루가을","무신사에  들어왔다는 소식 듣자마자 달려왔습니닷
에어포스 블랙 없었는데 너무 좋아요!"
"58029594","3976350","2024-04-16","던질까말까","꺄아아악 잘신을게요 넘예뻐 여름에 짱잘신을듷"
"77136833","3976350","2025-07-25","킹냐뇽","역시 흰포스는 편하고 어느정도 키높이도 있고 어딜가나 자주 신는 신발"
"73874874","3976350","2025-05-06","동느느","휘뚜루마뚜루 포스 할인 중이여서 저렴하게 구매했습니다 근본 오브 근본이라 역시나 예뻤구요!!
배송도 매우매우 빨라서 좋았어요!! 다만 고질적인 나이키의 마감문제로 두번의 교환을 했지만 감안해야죠 뭐 사이즈감은 발볼이 넓어 평소 첼시부츠 280 반스280 신는 저에게280이 딱 편하게 맞습니다.
반업정도 추천드릴게요. 국밥 신발이라 캐주얼한 맨투맨 와이드 중청에 도 잘어울리고, 미니멀한 니트에 슬렉스에도 잘 어울리니 강추 드릴게요!!"
"73678762","3976350","2025-04-30","탁월한노란색잠옷","어떤 바지랑 입어도 다 잘 어울려서 좋아요 다들 하나씩은 꼭 가지고 있어야 해욥"
"72761955","3976349","2025-04-03","아뉘니","에어포스 올흰도 잘 신고 다녀서 블랙도 구매했어요 어디에나 잘어울려요"
"69290798","3976349","2024-12-25","무무무작위","나이키 재봉 퀄리티 별로인건 시그니쳐니깐 다 이해하는데,
신발 밑창에 낙서한거랑
발바닥 안감 부분 까슬거리게 튀어나온거 
검수안한 무신사는 좀 킹받네요^^

반품, 교환 귀찮아서 안합니다"
"68674778","3976349","2024-12-10","동조2","검은색 신발 입문 레전드는 나이키 에어포스

흰색신발만 고집하다가 구두느낌 나면서 캐주얼한 신발을 찾다가 에어포스로 선택했습니다. 
맛있네요. 한입하십쇼.

사이즈 : 정사이즈 (신다보면 살짝 늘어난다함)
냄새 : 약한본드향
굽높이 : 3.5cm~4cm"
"70457649","3976350","2025-01-28","알찬연두색힐","왼발 작은발가락마디가 신발 접히는 부분이랑 겹쳐서 꺽임 엄청아침
착화감 좋다해서 산건데 최근 산 신발 10개정도 되는데 그중 가장 안좋음"
"65945341","3976349","2024-10-25","블랡","한달후기는 아주 만족스럽네요
아무 옷에나 잘어울려서 활용도가 정말 좋아요
반업했는데 1업했어도 좋았을거 같아요
된장포스랑 번갈아 가면서 잘신고 있습니다"
"66713101","3976349","2024-11-07","거제동패피","에어포스 화이트를 너무 잘 신고 있어서 블랙을 구입해겠다는 결심을 했는데 무신사에서 너무 좋은 가격으로 판매를 하여 잘 구입하였고 코디하기가 쉬워 한달동안 잘 신고 있습니다.
근본 템이라 유행타지 않고 그냥 막 신을수 있다는 점이 가장 큰 장점이고 키 높이 효과라는 좋은 점도 있어 재구매의사 100%입니다!!!"
"66130728","3976349","2024-09-09","미니멀못참쥐","반업했는데 생각보다 큽니다.
굳이 반업 안하고 정사이즈 사도 될거같아요."
"63124938","3976350","2024-07-29","키큰친구","기본, 근본의 에어포스입니다. 
나이키의 도매 정책 변경으로 다시 플랫폼에 입점하면서 무신사도 입점을 했나봅니다.
입점 기념 행사로 쿠폰, 적립금을 사용하여 구매할 수 있어서 좋았습니다.

스트릿, 캐쥬얼에 신발 만으로 포인트를 줄 수는 없겠지만,
대신 아주 무난하게 여러가지 룩에 붙일 수 있는 신발입니다.

하나 가지고 있으면 국밥처럼 마음이 든든해 집니다.
가격이 괜찮다면 신발장에 하나 놔두어도 좋을 신발입니다."
"62832385","3976350","2024-07-22","돈글임","친구가 꼭 한번 신고 싶어했던 신발이라 생일선물로 사줬어요. 정사이즈 가면 된다는 리뷰가 많아 그렇게 했는데 그다지 편하게 들어가진 않는듯? 길들이는 데까지 시간이 좀 걸릴 것 같아요.
근데 일단 배송은 무지하게 빨라요. 금요일 낮에 주문해서 토요일에 도착 ㄷㄷ"
"62606352","3976349","2024-07-16","MC더메뚜기","정사이즈 구먀했는대 좀 작아요. 최소 반업 이상 추천합니다."
"62378435","3976350","2024-07-11","춘식이삼식이","원래 265 신는데 너무 커서 260으로 교환했더니 잘 맞네요 살짝 크게 나온 것 같아요"
"62222950","3976349","2024-07-08","오은영을넘어선오운완박사","무난해서 자주 신게되는 신발이네요 조만간 된장포스도 겟해야겠군요"
"62134093","3976349","2024-07-07","oowwns","무난하게 신을 수 있어서 좋아요. 검정색 신발 필요했는데 만족합니다ㅏ"
"62064974","3976350","2024-07-06","구로불돼지","배송도 빠르고 패키징도 깔끔하게 왔습니다. 잘 신었습니다"
"61175321","3976349","2024-06-24","히히하후호히","배송도 빠르고 이쁘고 좋네요! 앞으로두 좋은 가격 부탁드립니다~ "
"60698571","3976349","2024-06-12","이쁜옷_다_사야되는병있음","정말 역대급으로 만족합니다
앞코가 둥글게 나와서 귀엽고 바지에 살짝 덮히면 너무 귀엽습니다 바닥면은 조금 딱딱하게 느껴지는데 내구성은 좋아보여요 생각보다 무겁지않아서 데일리로 착용하기에 좋을것 같아요
저는 발길이가 정확히 265cm이고 발볼이 9.5cm이며 발등은 보통 정도입니다 후기들보니 한사이즈 작게를 추천하셔서 260cm사이즈를 구매할까하다가 정사이즈인 265cm 구매했습니다
정말 불편함 없이 딱 좋은 사이즈입니다 크지도 작지도 않고 잘샀다고 느낍니다 구매하실때 참고하세요"
"60009166","3976349","2024-05-28","꾸미는재미","무난하게 입으려고 구매했어요 사이즈감 좋아요"
"59898358","3976349","2024-05-25","OOP999","올블랙 기본템으론 에어포스만한 게 없습니다
사이즈는 발볼 보통 기준 반업 추천드려요
여기저기 교복템으로 자주 신습니다"
"59286100","3976350","2024-05-12","나눈 부자","밑창 뒷굽이 빨리 마모되는거 말고는 맘에 들어요 굳"
"59133681","3976350","2024-05-09","K-dooboo","좋은 상품 좋은 가격 빠른 배송 만족합니다.
잘 입겠습니다 !! "
"59118246","3976350","2024-05-09","느린걸음","세일해서 저렴한 가격에 구매했습니다. 어디에나 잘 어울려서 데일리로 신기 좋아요"
"58377178","3976350","2024-04-23","아뤼가토","배송 엄청 빠르네요
역시 올백 어디 옷이든 잘 어울림
에어포스 굽도 있어서 비율 좋아보입니다!
재입고 되면 또 구매할예정입니다!
무신사에서 싸게 구매할수 있어 좋네요
끈색이랑 신발색이랑 미묘하게 색깔이 좀 다름"
"58094831","3976349","2024-04-17","qwe3117","약간의 본드 자국과 마감이 살짝 아쉽게 느껴지지만 크게 신경 쓰일 정도는 아니고 무엇보다 에어포스를 무신사에서 구매할 수 있다는 게 가장 큰 장점이네요. 배송도 빠르게 온 편이고  포장도 꼼꼼해서 좋습니다."
"58058524","3976350","2024-04-16","육식하는 소","사이즈가 커요 255살건그랬네요 
예전 신던게 해져서  새로 사줬어요
무겁지만 예뻐요"
"58042369","3976350","2024-04-16","rnbbb","어디에나 잘어울려서 닳을때쯤 똑같은 것 계속 사게 되네요 예쁩니다"
"58042096","3976350","2024-04-16","Dhosha","무신사에 나이키 입점 소식 듣자마자 구매했습니다~ 쿠폰이랑 적립금 활용해서 저렴하게 얻었네요~ 올검도 구매하려 했는데 그새 품절이라 재입고되면 바로 구매예정입니다!"
"73238759","3976349","2025-04-17","모험적인명동샘플","초가을에 착용하기 좋아요
색감 핏감 모두 만족합니다"
"73188289","3976350","2025-04-15","IIlIlIIIlIIIIlI","근본템 에어포스 다른 타 플렛폼보다 저렴하게 정품구매할 수 있어서 좋았습니다 깔끔한 디자인에 막 신어도 예쁜"
"73154572","3976349","2025-04-15","_석석이_","근본 신발은 이유가 있네요 컬러도 깔끔하고 좋아요"
"73123252","3976349","2025-04-14","나는 행복하다","화이트 에어포스 오래 신다가 블랙도 필요해서 구매했는데  겨울에 잘 신었어요 
눈이나 비 올때 유용해요"
"72354961","3976350","2025-03-22","애고2","에어포스 처음 신는데
처음 신었을때 사이즈가 딱 맞길래 반업할까 고민했지만
며칠 신으니까 딱 맞더라구요"
"72871045","3976350","2025-04-06","편안한멜버른스판","아들이 아주 잘 신고다녀요
약간의 굽이 있어 키가 커보여 더좋아요
화이트라서 여기저기 잘어울려요
열심히 신은 흔적이 역력하네요"
"70274509","3976349","2025-01-22","최상의라벤더세트","깔별로 사두고 닳으면 새로 사는 신발.. 평생 재구매합니다"
"69323177","3976349","2024-12-26","화려한후드집업","이 신발 사고 나서 이 신발만 신고 다녀요 아주 최고에요!"
"67549300","3976349","2024-11-26","ssoa","와이드 흑청엔 검포스 만한게ㅜ없더라구요
자주신고있습니다"
"63423950","3976350","2024-08-06","jiwoong10","사이즈도 적당하고 착용감도 나쁘지 않아요 역시 에어포스 국밥이네요"
"62961694","3976350","2024-07-25","Isabellee","동생 선물로 구매했습니다. 신던 게 낡아서 새로 샀을 정도로 디자인 마음에 들어합니다."
"62906662","3976350","2024-07-24","+ 6 = 12","제일 근본신발 에어포스1입니다
선물용으로 샀는데 역시 좋아하네요
이것만큼 어디에도 잘 어울리는 신발은 없는거같네요"
"62804723","3976349","2024-07-21","할로만","믿고사는 에어포스입니다 예전부터 올검포스 사고싶었는데 드디어"
"62554598","3976350","2024-07-15","대니7395","괜찮은 가격에 잘 구매했어요 기본탬 마음에 들어요"
"62306600","3976349","2024-07-10","minima1ism","올백포스는 캐주얼로 올검포스는 스트릿으로 하나씩은 가지고 있으면 코디 범용성이 높아집니다!"
"62209614","3976349","2024-07-08","뚠주124","원래 신는 사이즈 정사이즈를 가시는 거 추천드립니다! 저는 반업했는데 좀 큽니다. 저는 칼발 255인데 260 꽉끈으로 신습니다! 꽉끈이 불편한 신발이라서 정사이즈 추천드려요"
"62014721","4138102","2024-07-05","!!.illl!.i!","뉴발란스랑 반스만 신다가 처음으로 에어포스 신어봅니다..
발볼이 딱 맞는 신발을 신는게 너무 오랜만이라 어색해요... 그리고 무거워요! 그치만 예뻐요!"
"61886371","3976350","2024-07-03","꼼꼼한뉴욕패턴","배송엄청 빨랐습니다 신발이 편해서 자주 신을거같아요"
"61777879","3976349","2024-07-02","X4","세 번째 에어포스는 블랙으로 구매했습니다. 블랙이라 휘뚜루마뚜루 전투적으로 신어요."
"61700015","4097739","2024-07-01","부로코리","배송도 빠르고 받아보니 새하얀색에 포인트 라이트블루가 정말 예쁩니다. 평소에 걸어다닐 때 신는 운동화로 잘 신고 있어요. 여름느낌 굳"
"61561373","3976349","2024-06-29","불고기 치와와","너무 예뻐요! 생각했던 디자인입니당. 자주 입을 것 같아용 ㅎㅎ
"
"61520966","4097739","2024-06-29","아이폰13","이쁜 에어포스 꼭 사세요. 색감 하나는 밝으니 좋아요"
"61498071","3976350","2024-06-28","JHard","다들 아는 올백포스 여기저기 맞춰신기 좋습니다. 데님에도 잘 어울리고 와이드슬랙스에도 잘 어울립니다.
실제 발길이 +10mm정도 정사이즈 가시면 딱 맞아요. 그 이상 오버사이즈 하면 힐슬립 납니다. 슈프림 에어포스랑 동사이즈 가시면 됩니다.
발볼 발등 어느정도 있는 분들도 정사이즈 추천드려요"
"61314807","3976350","2024-06-26","꽁_지","학교디닐때 매일 신고 다녀서 금방 낡아지지만 
또 사서 신을꺼니 괜찮습니더 
이만한 신발이 또 있을까 샢습니다. 
"
"61313575","3976350","2024-06-26","청순한마포론칭","제품퀄리티도 너무 좋고 가격도 착해서 너무 만족스럽습니다!"
"61073628","4138102","2024-06-22","깊은대구슬랙스","이쁘고 배송도 빠르고 좋았는데 사이즈 미스...너무 커요ㅠㅠ 반사이즈 작개 해서 주문해야겠오요"
"68843002","3976349","2024-12-14","리레이스","좋은 가격과 기회로 잘 구매하였습니다 아주 만족합니다"
"60581969","3976350","2024-06-09","또마야","역시 기본인 애어포스 믿고 신어요 다음에 또 구매하려고 합니더"
"60452030","4097739","2024-06-06","단정한노랑스냅","너무 맘에 드는데
발볼이..ㅠㅠ
한싸이즈 크게 사면 헐떡일 듯 싶고
그냥 신으면서 넓히렵니다."
"60223170","4138102","2024-06-01","지방스82","아이가 에어포스 신고싶다해서 구매했어요.
신으니 예쁘네요,
발볼이 좁은아이라 신발이 조금 크데요.
근데 발위쪽 발등 안쪽이 두발다 쓸림이있어 상처가났어요. 신다보면 적응이되겠죠?"
"59800795","3976350","2024-05-23","준쓰준쓰뀨","역시 나이키 에어포스 진짜 존예 영롱..
이거 때타는거ㅜ무서움 ㅠㅠ"
"59569191","4097739","2024-05-18","깔끔한라벤더재킷","사진그대러 이뻐요!!색상이쁘규 편해요 ㅎㅎ 넘예뻐요"
"59383538","3976350","2024-05-14","도랍니","나이키 에어포스 흰색은 필수템이죠!!
무신사에 나이키가 입점되어서 너무 좋아요"
"59270167","3976350","2024-05-12","아메카지노우","포스 첫구매해봤네요 코디하기쉽고 싸게잘샀어요"
"59032909","3976350","2024-05-07","다드루와봐","그냥 뭐.. 말이 필요한가요?
무신사에 나이키가 다 들어오고 좋네요
근본 에어포스는 사계절 언제나 신을수있는 신발 ㅎ
300사이즈까지 있고 좋습니다!
모든 신발 300까지 있었으면.."
"59002711","3976349","2024-05-07","옷 또사주세요","역시 에어포스는 좋네요 무신사에서 구매할수 있어서 더 좋은것 같습니다"
"58810609","3976350","2024-05-03","00_____","나이키 에어포스는 근본 그자체. 더 이상의 자세한 설명은 생략. "
"58647707","3976349","2024-04-29","잡덕 손민수","심플 이즈 베스트 기본템 장착 완료
무신사 나이키라니 신기하네 ㅎㅎ"
"58611782","3976350","2024-04-29","무셔워","진짜 몇 년 만에 포스 사봤는데 괜찮네요 좀 딱딱하긴 해서 5사이즈 정도 크게 사서 푹신한 얇은 깔창 사서 까는거 추천"
"58574398","3976350","2024-04-28","호호홍홍호","주기적으로 포스가 헤지거나 더러워지면 구매하고 있습니다 
공홈이나 매장 구매를 해왔눈데 무신사에서 쿠폰이나 등급할인 적립금 등 쓰고 살 수 있어서 너무 좋았습니다

신발은 아무데나 신어도 괜찮다는 점이 가장 큰 구매 이유인것 같습니다"
"58531738","3976350","2024-04-27","냉정한경복궁벨트","살짝 키높이입니다. 착화감 좋고 신발자체가 편합니다."
"58509977","3976349","2024-04-26","패션리더를 꿈꾸는 듣보잡","취소된 물량을 구매한거같습니다. 약간의 착용감이있네요..
그래도 어느정도 저렴하게샀다고 생각해서 만족합니다.
기존 에어포스 올백버전을 신고있어서 사이즈고민은 없었습니다.
나이키 페가수스시리즈는 270 신으며
뉴발은 265 보통신발들 보통 265 위주로 신고있으니
사이즈고르시는데 참고하시면 좋겠습니다."
"58496602","3976349","2024-04-26","불금엔분홍로고백","검정색 신발에 은은한 로고, 포인트 클립까지 완벽"
"71090909","3976349","2025-02-12","･","한 달 전 구입 이후 만족스럽게 사용하고 있습니다."
"58457310","3976349","2024-04-25","lovely0311","디자인도 심플하고 색상도 너무 좋아요.맘에 듭니다."
"58407286","3976349","2024-04-24","henrys","배송 칼배송이고 올검포스 말해뭐합니까~ 만족합니다!"
"58299496","3976350","2024-04-22","잠민보","말해뭐해요 근-본 그자체 반업하니 적당히 딱 좋네요"
"58178233","3976350","2024-04-19","2p5","근본 에어포스 1 어디 신어도 다 잘어울려요 귿굳👍"
"58173548","3976349","2024-04-19","두부아빠♡","장만하고 싶었던 에어포스 1 올검 ㅎㅎ
드디어 저렴하게 장만했네요
조금만 늦었으면 매진되서 못 샀을뻔

누구나 알다시피 그냥 이뻐요 그냥 좋아요"
"58155236","3976350","2024-04-18","슈포맨","나이키입점되서 바로주문했네요
포스는 이쁘네요"
"58140221","3976350","2024-04-18","죠지보트","에어포스는 처음인데 생각보다 단단한 느낌이라 놀랐어요 ! 좀 길들여야 더 편해질 것 같아요.. 그래도 깔끔하고 무난한 느낌입니다 ! 손이 많이갈 것 같아요 든든합니다"
"58131194","3976349","2024-04-18","탐다오","합리적인 가격에 잘 구매했네요
잘 신겠습니다 된장포스도 무신사에서 판매했으면.."
"58084663","3976350","2024-04-17","또또S2S2","항상 신는 신발이라 만족입니다.
어디에나 매치하기 좋아요!!"
"58072200","3976350","2024-04-17","crush29","재구매안데 포스는 기본템입니다 어느 옷에도 잘 어울려요 ~"
"58071477","3976350","2024-04-17","stunassy","국룰 에어포스입니당 2년전에 사고나서 너무 많이 신다가 밑창 다 닳아서 하나 더 구매했네용 어디에 신어도 다 어울리고 무난국밥느낌으로 잘 신고 다닐게용"
"58071058","3976350","2024-04-17","병크현","국민 기본템 무신사 덕분에 늦게나마 하루만에 배송받았네요ㅎㅎ"
"58069682","3976350","2024-04-17","YELLO APPLE","사이즈는 정사이즈 갔습니다.
무신사 나이키 런칭으로 싸게구매했습니다."
"58055324","3976349","2024-04-16","찡기야","더비류는 265, 덩크로우, 뉴발은 270 신고 아식스 275 신는데
사이즈표 보고 270 주문한거 265로 바꿨는데 다행히 잘 맞네요ㅎㅎ 크게 나왔대서 걱정했는데 그렇게 크진않고 딱 잡아주는 느낌이에요. 무신사 덕분에 정말 저렴한 가격에 구매했네요ㅎ"
"58046972","3976349","2024-04-16","DAY5","배송시킨지 하루 만에 배송 왔어요 예전에 나이키 제품이 무신사에 있다가 갑자기 없어져서 아쉬웠었던 사람입니다 최근에 다시 입점했다길래 에어 포스 있을까 찾아봤는 데 있어서 쿠폰이랑 적립금으로 9만 원 때에 구매할 수 있었어요 나이키 입점 환영합니다!"
"58038723","3976349","2024-04-16","보라색가죽","이젠 편하게 나이키 구매 할수 있어서 넘 좋네요
쿠폰에 적립금 까지하면 더 저렴하네요
디자인 착화감이야 구매하는 모든 분들이 이미 알고 계실듯"
"58030556","3976349","2024-04-16","노앙8","배송 빠르고 좋아요 감사합니다 추천합니다 편하고 좋아요 "
"58027736","3976349","2024-04-16","갓재용•","저렴하게 잘샀어요 감사합니다 ~^^ 올검도 이쁩니다"
"77661408","3976349","2025-08-16","무정한회색아가일","발도 편하고 올검에어포스 너무너무 예쁩니다
꼭 사세요"
"77529869","3976350","2025-08-11","@@908","에어포스 역시 스테디템이라서
어디든 잘어울려요"
"77396414","3976350","2025-08-04","Dg_1796","사이즈도 적당하고 신발 디자인이 예쁩니다. 데일리로도 좋고 적당히 꾸밀 때도 좋아요. 굽도 적당히 있어서 키 때문에 고민이긴 분들은 나쁘지 않은 선택 같습니다."
"77392760","3976350","2025-08-04","착한제노바맨투맨","신발도 너무 편하고 딱 깔끔하고 예쁜 흰색 운동화의 정럭이에요!"
"77385418","3976350","2025-08-04","블루베이글","나이키 근본 신발인 에어포스! 
친구 선물로 구매했는데 넘 예쁘고 근본 넘칩니다"
"77325581","3976349","2025-08-01","AD2R","저렴한 가격에 좋은 상품 구매하게 되어서 정말 좋습니다"
"77252778","3976349","2025-07-30","김진03","어떤 스타일에도 무난하게 소화시킬 수 있는 에어포스 올검입니다! 질리지 않아요."
"77245520","3976349","2025-07-29","fishmr","역시 근본 신발답게 모든 코디에 무난하게 어울리네요
근데 원래 이렇게 깔창 로고? 스티커? 이렇게 잘 떨어지나요? 3번 신었는데
근데 사실 상관없긴해여"
"77061664","3976349","2025-07-23","jx hxxn","여름이라 통기성은 좀 아쉽긴 한데 선선할 때 신으면 딱 좋을 것 같아요!
디자인은 말하면 입만 아프죠"
"76942498","3976350","2025-07-21","릭썽","기존에 가지고 있던게 낡아서 새로 구매 했는데 좋아요."
"76879378","3976349","2025-07-17","스테이블코인","적당한 굽에 은찡. 모든 청바지에 어울리는 깔끔한 스니커즈 :)"
"76842659","3976350","2025-07-16","스텝토","일단 아부지께서 생일 선물로 사주셨어요!! 
아부지께 너무 감사하다고 인사를 전합니다 🙇🏻‍♂️

디자인 및 색상: 디자인 진짜 깔끔한 화이트에 무난하고 예쁩니다!! 그래서 캐주얼이든 어디든 어떤 복장에든 다 잘 어울립니다

사이즈: 저 평소에 240을 신는데 발볼이 넓은 편이라 240을 할까 아니면 반사이즈 업해서 245를 할까 고민을 했는데 240 했는데 처음에 신을 때만 빡빡하고 지금은 너무 잘 맞아요 정사이즈로 가셔도 괜찮을 거 같습니다:)

총평: 추천드려요!! 무난하게 잘 어울립니다
그리고 무엇보다 굽이 좀 있어서 비율이 좋아보이고
키가 커집니다 키높이 효과 원하시는 분께 추천드려요 👍😍"
"76723878","3976350","2025-07-11","인기있는독일바지","진짜 레전드 신발입니다 진짜 겁나 기본템 무조건 사세요"
"76542416","3976349","2025-07-06","덩 키","정사이즈 270에 발볼 발등 있어서 275-280주로 착용합니다
에어포스 경우 275하니 여유롭게 잘 맞습니다 발등 높으신분들은 개인적으로 최소 반업 추천드립니다
뉴발 992 -275
뉴발 574 - 275
뉴발 990v6 - 275 주로 착용하는 사이즈들입니다"
"76533820","3976349","2025-07-06","0ti!ttze","다른 색상 잘 신고 있어서 블랙도 구매 해봤는데 2업 추천 드려요"
"76393059","3976349","2025-07-02","지렁이이잉","밖에 나갈 땜 무조건 에어포스죠 데일리 아이템입니다"
"76303089","3976350","2025-06-30","V달타냥S","에어포스는 낭만 그자체인 신발이에요
꿈과 희망을 주는
에어포스 좋습니다"
"75720035","3976349","2025-06-21","mrhjsong","검정포스는 에어포스 좋아하는 사람한테는 필수품인듯 합니다. 흰 포스만 신다가 검정포스 하나 사보니 얘한테만 손이 가네요. 추천."
"77456945","3976350","2025-08-06","괜찮은대만티켓","좀 무겁고 투박한것 같긴한데 그래도 여기저기 잘신고 있습니다"
"75142435","3976350","2025-06-09","융플아우","기본템이라 좋습니다 👍🏻👍🏻 덩크 로우랑 조던 미드는 280 신는데 에어 포스는 285 하니까 잘 맞아요! 다만 작게 까진 부분이 있고 신발끈이 오염되어 있는 점이 좀 아쉽네요... 어차피 신다보면 더러워질테니 그냥 신으려고요"
"74879824","3976349","2025-06-01","우 현 이","검은 신발로 제일 무난한 검정포스
편해서 잘신을 것 같아요"
"74682102","3976349","2025-05-27","Saving","여유있게 사이즈 반업했어요. 올검 포스 추천해요."
"74628030","3976350","2025-05-25","daseulgi","기존에 신던 신발 뒷굽 다 닳아서 새로 구매했는데
어느 코디에도 잘 어울리고 착용감 편해서 좋아요"
"74553716","3976350","2025-05-23","vinism","그냥 근본 이라서 사이즈 반사이즈 다운만 하고 시켰네여 확실히 포스는 반 사이즈 다운이 딱 맞네여"
"74406658","3976349","2025-05-20","aksxc","나이키는 역시 근본입니다! 올블랙룩으로 잘 신고 다닙니다"
"74402385","3976350","2025-05-19","redolent","배송상태가 너무 심각해서 깜짝 놀랐어요..... 선물용으로 구매한건데 사진처럼 왔어요🥹🥹🥹 비가 오는 날이긴 했지만 그래도 그렇지 박스가 전부 젖어서 찢어져 있었고 안에 신발 케이스까지 축축해서 기분이 너무 안 좋았습니다......."
"74203959","3976349","2025-05-14","scottcop","에어포스 너무 예쁩니다 튿히나 올검이 잴루 예뻐요"
"74119442","3976349","2025-05-12","瑞寅","발볼때문에 맨즈제품 샀는데 더 편한거 같아요
다만 사이즈는 조금 크네요"
"74000206","3976349","2025-05-09","랄프로렌_","좋습니다
매일매일신어요
아주편하고좋습니다"
"73812568","3976350","2025-05-04","최민코","처음 신었을때는 뒤꿈치가 편한 느낌은 아니었는데 신다보니깐 편해지는 것 같다. 디자인도 무난해서 신기 좋음."
"73745221","3976350","2025-05-02","N튜나","나이키 에어 포스 1 07 White
더 말이 필요할까요 ?"
"73586414","3976350","2025-04-27","훌륭한연보라아트","색깔도 여전히 예쁘고 다음에도 또 살거같습니다"
"73544370","3976349","2025-04-26","184_68","확실히 길들여서 주름 좀 잡혀야 편하고 예쁜 거 같아요. 끈 교체해도 매력 있네요"
"73424420","3976350","2025-04-22","최상의라임펜던트","나이키 신발의 근본은 하얀색의 올백포스라 생각합니다"
"73325425","3976349","2025-04-19","...ㅁㅁ","진짜 어디든 다 잘어울리는 근본신발 그냥 맨날 신고 다님"
"73217500","3976349","2025-04-16","루루대디","에어포스 + 운동화 + 블랙 = MAN
꼭 하나씩은 구비해두면 좋아요."
"73198475","3976349","2025-04-16","키치한이태원양말","스타일 내기는 좋은데 정말 퀄리티 생각하면 너무 별로임. 진짜....한번 사고는 안살 브랜드"
"73171710","3976349","2025-04-15","서투른신사점퍼","초가을에 착용하기 좋아요
색감 핏감 모두 만족합니다"
"73145039","3976349","2025-04-14","대핵감자","신을수록 예뻐요 어떤옷이든 잘어울려서 좋습니다"
"73048018","3976349","2025-04-11","단단한페루탱크","블랙 신발이 필요해서 이거저거 찾아보다가 힘빠져서 그냥 나이키꺼로 바로 결재했어요 막 신기 좋은 거 같구 배송도 빨리 와서 좋았습니당"
"72890707","3976349","2025-04-07","동아식당","에어포스 너무 편하고 스터일링도 편했어요 검은가죽으로 되어있어 고급진 느낌도 나고 시크하게마 스트릿하게 코디하기 편해요"
"72870212","3976349","2025-04-06","기술적인라임체인","구두 느낌도 나서 캐주얼 미니멀 할거없이 스타일에 다 적용됨!!"
"72821894","3976350","2025-04-05","요맘때는플레인","에어포스는 기본템.. 자주 신어요 계절안타고 좋아요"
"72541781","3976350","2025-03-27","뚱뚱한멸치치","에어포스는 국밥신발이죵 두번째예용~~🫶🏼🫶🏼🫶🏼 넘 하얗고 이뻐요♥️"
"72541334","3976349","2025-03-27","헛둘셋넷둘둘","어느 옷에다 다 잘어울리고 튀지않지만 올블랙만의 매력이있네요"
"72516779","3976349","2025-03-27","55f56fadab026","좋아요 필수템 맞네요 저렴하게 너무 잘 샀어요!!
코디하기에도 편해요"
"72336321","3976350","2025-03-23","사푸라이트","신발 잘맞아요!
편하고 좋습니다!
강추 합니다 로우가 이뻐요"
"72390539","3976349","2025-03-23","Pgamm","이세상에서 딱 하나의 신발만 신으라고 한다면 무조건 블랙포스. 어디에나 다 어울리고 무드 챙겨주는 GOAT신발.."
"72365327","3976349","2025-03-22","수지수지마수지","정말 기본템이라 여기저기 다 잘어울리고
편안해서 매일 신고다닙니다"
"72146058","3976349","2025-03-15","치이카와한성","신발이 편하고 올검정이라 어디든 다 잘 어울리는 거같아용"
"71888483","3976350","2025-03-13","고구려의 김삿갓","어느착장에도 잘 어울리는 신발입니다! 잘 사용하겠습니다"
"72040603","3976349","2025-03-12","CazooaL","캐쥬얼하게 어디에도 잘 어울리는 신발이라 편하게 신어도 착붙이네요~"
"71672431","3976349","2025-03-02","Tbnnyh","구두보단 캐주얼하지만 블랙 신발이 주는 무게감이 있어서 미니멀-캐쥬얼 코디에 딱이에요"
"71659053","3976349","2025-03-01","노란 마법의 개","올검 신발이 없어서 호카나 아식스같은 브랜드들과 고민했어요! 하지만 유행타지 않는 근본신발이 좋겠다싶어 구매했어요!! 역시 올검 신발이 있으니 코디하기가 한결 수월해졌네요! 사이즈는 전에 된장, 올흰이랑 같이 갔어요! 실맨발길이 270mm로 275mm 사이즈 가면 양말신고 나이스하게 맞습니다!"
"71537033","3976349","2025-02-26","11.11_dh","휘뚜루 마뚜루 국밥 신발입니다.. 이거 사고 난 후로 이거 밖에 안신어요 진짜로.."
"71486386","3976350","2025-02-24","jho7535","역시 기본에 충실한 나이키 에어포스입니다. 기본템으로 좋아요."
"71467786","3976350","2025-02-23","머리큰울엄마ㅎ","누나가 신길래 저도 신발이 닳아서 똑같은 걸로 샀어요. 딱 맞아서 너무 좋네요"
"71392981","3976349","2025-02-21","knhkwn","한달 지나도 말짱합니다. 역시 근본 믿고 사는 나이키"
"71343209","3976350","2025-02-20","S0MA","깔끔합니다 기본템으로 하나 가지고 있으면 휘뚜루마뚜루 신기 좋습니다"
"71237755","3976349","2025-02-17","주말엔남색티셔츠","근본 신발~
블랙 운동화로 예뻐서 선물용으로 구매했어요!
잘 신고 다녀주십니당! 은장빼고도 이쁠것 같아요"
"71127378","3976349","2025-02-13","망나나뇽","키높이도 좋고 아무데나 잘 묻어서 편하게
잘
신고 있습키다"
"71035256","3976350","2025-02-13","발렌티노밍","기본템으로 어디에나 잘어울려 코디하기 매우 쉽습니당"
"71062145","3976349","2025-02-11","갈예지","착화감이 좋진않지만 어디에나 잘어울려서 좋습니다"
"70897854","3976350","2025-02-07","퇴짜맞은서울초커","거의 모든 옷에 잘 어울리고 예뻐요
에어포스 짱짱"
"70869678","3976350","2025-02-06","옥수수 감자","역시 나이키 에어포스 입니다 깔끔하니 좋네요 아무데나 쉽게 매치 할 수 있어서 더 자주 손이 갈것 같아요 요즘 날이 안좋아서 아직 신고 나가보진 못했지만 집에서 신어보니 편하네요 👍🏻👍🏻"
"70719974","3976350","2025-02-03","룩앳효dang","남자친구 발렌타인데이 기념으로 미리 선물해줬는데 국민템아니냐고 자기도 사려고 했다며 엄청 좋아했습니다:)
2년동안 잘 신겠다며 아주 마음에 들어했습니다"
"70697738","3976350","2025-02-03","다둥이맘S","디자인이 심플하고 깔끔한데 마감처리도 너무 만족스럽고 아들들이 다 만족한 디자인으로 쿠션감도 적당하고 신었을때 스타일 살리기도 좋다고 합니다.

매번 다른 스타일의 옷을 입어도 찰떡 같이 소화하는 것이 즐겨찾는 운동화가 될듯 하다고 너무 마음에 들어 해요.

큰아이.둘째아이 모두 본제품으로 신고 있는데 둘다 좋아라 합니다.
강추해요"
"70369305","3976349","2025-01-25","활기찬프라하로퍼","남자친구 선물로 사줬는데 좋아해요 잘 신고 다녀요"
"70344256","3976349","2025-01-24","www2c","걸을 때 편하고 신고 벗을 때 편하고 신발이 멋있어요"
"70237301","3976350","2025-01-21","tttala","좋아요 배송 진짜 빠르게 왔고 마음에 들어요 
역시 나이키 포스는 베이직아이템이여서 
없으면 안될 아이템인거 같아요 ㅎㅎ"
"70177228","3976349","2025-01-19","hello_by","덜 길들여져서 그런가 생각보다 발이 아프긴 한데 옷 맞춰입기는 좋아요"
"70038419","3976350","2025-01-15","움냥냠냥냠","에어포스 무난하고 아무때나 신기 좋아서 괜찮아요"
"69985605","3976350","2025-01-14","멍옴","역쉬 에어 포스…! 👍 이만한 국밥템 또 없네요. 잘 신을게요. :)"
"69781043","3976349","2025-01-08","루나이니7","배송은 빠르고 사진과 동일했지만
하자로 인해서 나이키 본사에서 반품처리되었습니다
너무 아쉬운 무신사의 응대 ㅜㅜ"
"69712893","3976349","2025-01-07","Soi.ahbum","근본 블랙포스를 아빠 신년선물로 사드렸습니다. 회색 포스 작년에 드렸는데 은근 좋아하시고 잘 신으셔서 만족했어요. 가죽 퀄도 좋고 전체적으로 최근에 만든 제품이어서 그런지 상태가 좋았어요. 나도 하나 더 사고싶다는 느뀜. 아빠의 발사이즈가 줄어간다는게 좀 씁쓸하지만 좋은 선물이 될 것 같아 기쁘네용.."
"69693916","3976349","2025-01-06","JXe.on","여러 바지랑 잘어울려서 편하게 신고 다니기 좋아요
신발 높이도 적당해서 불편함 없이 잘 신고 있습니다"
"69651628","3976350","2025-01-05","인생무상다시시작","신발 예쁘고 편합니다~ 유일한 단점은 같은 신발 신은 사람들이 정말 너무~~~ 많다는 점"
"69599964","3976349","2025-01-04","치즈파파","말해뭐해 브랜드인 나이키를 무신사덕분에 좋은 가격에 살 수 있어서 좋았습니다. 여행갈때 가져가려고 산건데 배송도 빨라서 너무 좋아요!"
"69471433","3976349","2024-12-31","입꾹닫","정사이즈 270 신어서 그대로 시켰습니다. 발 볼이 넓은 편이라 처음에는 발가락들 사이 공간이 너무 딱 달라붙어 한치수 더 크게 주문할까도 했지만, 앞코랑 뒷부분이 잘 맞아서 그냥 신었습니다. 너무 오래 걷지만 않으면 괜찮을 것 같습니다. 전체적인 디자인은 무난하고 어느 패션에도 어울리는 기본템입니다. 굽높이는 적당한데 너므 키높이 느낌 보다는 이게 나을 것 같습니다. 쿠션감은 적당한 편이고 가죽이 튼튼한 느낌이라 오래 신을 수 있을 것 같습니다."
"69411906","3976350","2024-12-29","쿠사다이","역시 포스가 꾸준히 인기많은 이유를 알겠어요!
적당한 키높이되는 굽에 4계절 가능한 신발👍
어떤옷에든 잘어울립니다 체육복, 코트등.. 다 잘어울리네요
배송은 뭐… 전날 오전에 시켰더니 다음날 바로 배송왓어요!
칼배송이네혀.. 전 265신는데 260반사이즈 다운했습니다!"
"69357112","3976350","2024-12-27","알라뷰꿀호떡","무신사 블프 덕분에
나이키 운동화 저렴하게 겟겟
미리 나이키 매장에서 신발 신어보고
반사이즈업-한사이즈업 생각하고
한 사이즈 업 해서 주문했더니 딱 이에요!

무조건 사이즈업 하셔야 합니다!!"
"69230934","3976349","2024-12-23","맵맵이","디자인은 역시 나이키 에어포스 답게 좋습니다 자주 신을 것 같아요"
"69138894","3976349","2024-12-20","충북리더","뭐 디자인이며 많은 사람들의 선택을 받은 신발인데 말해뭐해겠다만
개인차는 있으니...! 키높이도 되고 겨울에 딱이며 코디도 어디에 매치하든 잘 맞고 좋으나, 갠적으로 복숭아뼈쪽이 많이 불편합니다....
길들여지겠지만 그동안은 많이 아플 것 같아요
그것 말곤 다 좋습니다"
"69080533","3976349","2024-12-19","xlswltkd","실물로 봤을 때 더 이쁘고 고급진 느낌이 들어요
구매 강추 드립니다!"
"68941903","3976349","2024-12-16","HuHuun","어떤 옷에도 잘어울리고 발이 편해서 좋습니다요"
"68919221","3976350","2024-12-15","알찬핫핑크후디","진짜 깔끔합니다 타사이트에서 20만원 넘게 주고사서 신다 밑창닳아서 요기보니 있길래 바로 주문했답니다
270 ~275신는데 나이키는 발볼 좀 좁은편이라 275구매했는데 잘맞네요 발볼도 살짝여유있고 좋습니다~ 색상은 완젼 새화이트 에요ㅎ"
"68758382","3976349","2024-12-12","퉁퉁퉁투루","이 신발을 어떻게 싫어 할 수 있을까요 최고의 신발..
무진장 겹쳐서 배송이 늦은건 아쉽지만 신발은 너무 좋아여"
"68710576","3976349","2024-12-11","갱사니","나이키는 기본템이 최고죠
블랙은 어디에나 어율립미더"
"68620804","3976350","2024-12-09","Ssatani2","이뻐용
근데 짝퉁이랑 정말 다르지 않은데 소재가 다른듯해요 
눌러보면 정품은 부드럽고 잘꾸겨지지않는데 
가짜는 딱딱한스펀지같은느낌이네용"
"68583226","3976349","2024-12-09","루루쿠쿠","와이드 팬츠에 매치하기 좋아요. 평소 270을 신는데 꽉끈하랴고 반업 했습니다. 걸을 때마다 약간 뒷꿈치가 뜨기 때문에 꽉끈 아니면 정사이즈로 가세요."
"68581681","3976350","2024-12-09","춘봉첨지","살면서 제일 많이 재구매한 신발중 하나인 
에어포스 1 화이트 제품 이번에도 재구매했어요
말이필요없습니다 쿠션감 좋고 깔끔하고
하얀 백지마냥 하얗네요 좋아요"
"68237907","3976350","2024-12-04","KHB09","착화감이 좋지는 않은데 너무 예뻐요. 코디하기 좋습니다. 옛날에 하나 샀다가 재구매합니다."
"68168022","3976349","2024-12-03","훈.~.","쿠폰으로 잘 샀어요. 올검이라서 어디에나 잘 어울리겠네요."
"68117298","3976350","2024-12-03","gksgoengo","에어포스는 욕시 휘뚤마뚤템... 어떤 코디를 하든 무난하게 매치할 수 있어서 좋아요"
"68116184","3976349","2024-12-03","과감한동묘옷장","이 신발은 무난하게 입기에 아주 좋은 옷인 것 같습니다."
"68097551","3976350","2024-12-02","미닝현미닝2","너무 좋아요! 깔금하고 좋아요 추천드립니다 근본입니다"
"66309148","3976349","2024-12-02","중구중구중구","정사이즈 갔어요. 힙슬립은 약간 있어서 불편하네요."
"68013251","3976349","2024-12-01","정교한전주쿠션","에어포스 역시 디자인도 멋지고 튼튼해서 너무 좋아요"
"68004863","3976349","2024-12-01","무무-99","일단 무조건 한개 있어야하는 기본 신발입니다.
무조건~"
"67935941","3976349","2024-12-01","핑크지존공주","지금까지 된포는 품고 있었지만 
제일 스테디셀러인 검포는 없었는데요..
남자친구 및 주위 패션 인플루언서들이 검포 신는거 보니까 
코디 하기도 괜찮아보이고 예뻐보이더라고요! 
이번 블프 때 쿠폰 받아서 결국 품었습니다..
모든 옷에 다 잘 받고요 착화감도 대박입니다
레더라서 이번에 눈 많이 올 때 계속 신었는데요 
그냥 눈 올때 신어도 짱이에요 왜 검포검포 하는지 알겟네용
없으신 분들 검포는 꼭 품으세여.."
"67863004","3976349","2024-11-30","활발한초록파스텔","발볼 넓은 255이고 260 구매했습니다!
신발 무게가 있어서 처음에는 신발 뒤쪽 벗겨지는 느낌이 나지만 꽉끈해서 신으면 괜찮을 것 같습니다"
"67573193","3976349","2024-11-28","저명한카멜타월","사람들이 많이 신는건 이쁘니까죠
범용성도 좋을것 같네요"
"67718836","3976349","2024-11-28","Gabriel_Lee","확실히 크긴 하네요. 250샀다가 245로 사이즈 다운했어요. 반스는 255 나머지는 250신고 뉴발 530만 재질에 따라 240or245사는데 에어포스 245 딱 맞아요 250도 안맞는건 아닌데 초반에 힐슬립 좀 있어요"
"67701334","3976349","2024-11-28","은승재","그저 신발계의 goat 무신사에서 쿠폰 먹이고 사면 정가 이하.. 너무 좋슴다"
"67668217","3976350","2024-11-27","오이미미","정사이즈라서 편하고 딱 맞아요
디자인도 예쁘고 좋아요"
"67629342","3976349","2024-11-27","옷걸친개미","이뻐요. 평소에 입기도 좋고, 꾸밀 때 입기에도 좋아요.
굽도 어느정도 있어서 좋네요. 고민중이면 사는거 추천"
"67587752","3976349","2024-11-27","S.Yong","역시 포스입니다 기본템이라 여기저기 다 잘어울려서 너무 좋아요!"
"67567621","3976349","2024-11-26","으랏챠척","나이키 하면 에어포스
이제는 흰색은 질렸다 그럼 검정으로 가즈아"
"67362206","3976350","2024-11-23","혼란한발자국","기본템으로 에어포스만한게 없습니다.
착화감은 아주 편한 신발은 아니지만
워낙 범용성이 좋아 코디하기에 편합니다."
"67296468","3976350","2024-11-21","겨울옷좋아요","배송이 진짜 빠르네요! 어느 옷에나 잘 어울리는 기본 템으로 만족하고 신고 있습니다!"
"67239021","3976349","2024-11-20","patna1105","신발 자체 무게가 꽤 있어서 착용감이 좋진 않지만 데일리로 휘뚜루 마뚜루 신기 좋아요"
"67187671","3976350","2024-11-19","무명의 무패 복서","전에신던거 삿어요 뉴행은돌고도니까 재구립하하"
"67147207","3976349","2024-11-18","동동동동24","믿고사는 에어포스..흰포 275 정사이즈 가지고 있는데, 그대로 가도 될 것같습니다"
"67118606","3976349","2024-11-17","ㅇ221","캬 깔끔하고 정말 좋음 뒤늦게 사서 아쉬울뿐 귣임"
"67075266","3976349","2024-11-15","세빈공룡","에어포스 블랙... 너무나도 대중적인 신발입니다.
대중적인 이유가 있네요
너무 이쁘고  무난하게 어디든 잘 어울립니다
꼭 사십쇼"
"66148840","3976350","2024-11-15","제주생생","어디에 신어도 잘 어울리고 편해서 좋아요 ! 무난무난"
"67051773","3976349","2024-11-15","edgar33","어디에나 무난하게 신기 좋아요.
반사이즈 업했습니다.
굿"
"67032075","3976350","2024-11-14","자몽얌냠","진짜 예쁘고 어느 룩에나 잘 어울리고 슬랙스에 입어도 스포티 한 스푼 더해줍니다. 근데 제 발이 거의 칼발 정도로 발 볼이 없는 편인데 이상하게 신을수록 발가락이 찌부러지는 것 같습니다. 처음 신을 때는 괜찮았는데 요즘에는 거의 발가락에 테이핑해야 합니다..ㅜ"
"67016293","3976349","2024-11-14","쩜티","아시다시피~ 기본템으로 손색없는 무난하고 깔끔한 신발입니다.
다만, 발볼이 조금 좁고 오래신으면 갑갑하고 통기성은 없어요"
"66966957","3976349","2024-11-12","Rclover","역시 국밥 신발
범용성 GOAT
새삼 모든 메타를 통달하고 5회 우승한 대상혁이 대단하네..."
"66938521","3976350","2024-11-12","N_Sol","한창 에어포스, 범고래 등 유행일때는 너무 유행이라 신기 싫었는데 이젠 좀 다양화되어서 에어포스를 생전 처음 구매해봤습니다! 반골 기질로 다른거 착용하려해도 에어포스가 있었으면 하는 코디가 한번씩 생기더라구요..."
"66924544","3976349","2024-11-11","으이이이긱ㄱ","어디에나 어울리는 만능템~ 구두 대신 신기도 좋아요 영원히 신어주겟어."
"66851217","3976350","2024-11-09","주말엔코랄코튼","이뻐용 너무 진짜 미쳤어요 네번째 사요ㅠㅠ다 아시죠??느낌아니까?"
"66720325","3976350","2024-11-06","Leoo77","하도 사이즈 얘기가 다 달라서 엄청 걱정했어요.
저는 발볼이 넓고 아치가 없어서 편한 신발 찾기 어려운 발인데요.
어떤 분은 사이즈 반다운 해라 어떤 분은 정사이즈 해라 
하셔서 혼란스러운 와중에 반업 해라 하시는 분은 한 분도 없었어서 이거 괜히 반업 해서 구매하는 거 아닌가? 했거든요
그래도 작은 것보단 큰 게 낫지 해서 반업 구매했는데요.
평균보다 발볼이 조금 넓다, 나이키 신발 다 작게 느껴졌다
하시는 분 들은 무조건 반업 하세요
반업 했는데도 발볼이 딱 맞아서(불편한 정도 아님)
정사이즈나 반다운 했으면 큰일 날 뻔 했네요ㅋㅋ
암튼 데일리로 신을 신발 구매해서 기분이 너무 좋아요!
배송 상태 좋구요 마감도 좋고 튼튼해요 아 굿!"
"66615900","3976349","2024-11-03","올바른송파스웨터","너무 예뻐요.구두보다는 캐쥬얼하면서 올검으로 비슷한 느낌나게 잘 신고있어요"
"66582904","3976349","2024-11-02","산도이치","가격 괜찮아서 샀는데 역시 국밥템인 이유가 있어요 캐주얼한 복장이나 단정한 복장이나 다 잘어울림 처음엔 착화감이 좋진 않은데 신다보면 길들어서 편해질 것 같아요 개굿~"
"66513919","3976350","2024-11-01","공항도둑","배송도 빠르고 아주 좋습니다. 에어포스 재구매 할때마다 여기서 사야할꺼같아요"
"66066750","3976349","2024-10-28","zvcso","깔끔하고 와이드 팬츠에도 잘 어울리는 핏 나옵니다"
"65877269","3976350","2024-10-23","Sum1101","뭐 이제 에어포스는 국민템이죠..🥲
말할게 있나용.. 깔끔 그자체"
"66241385","3976350","2024-10-19","냐니노","역시 에어포스는 근본입니다. 어떻게 입어도 잘 어울려요. "
"66278878","3976350","2024-10-10","허브리엘","코르테즈 275-280인데 에어포스는 270이에요 무거운 느낌이 있지만 역시 발이 편하네요 "
"65393906","3976350","2024-10-09","완벽한쿠바점퍼","근본답게 이뻐요
신어보고 마음에 들어서 여자친구꺼도 추가구매했습니딘"
"65263327","3976350","2024-10-05","뇽이냥이","역시 스테디 아이템으로 너무 좋아요^^ 신으면 신을수록 착화감 좋아집니다! 고민은 배송만 늦출뿐 추천 드려요^^"
"65258772","3976349","2024-10-05","동동0810","이 신발 이쁜 건 다들 아실테니 사이즈에 대해서만 말하겠습니다ㅎㅎ 다른 에어포스 255 뉴발 574 265 신는데 이건 260으로 구매했습니다. 발볼이 조금은 있는 편이라 260이 딱 맞는 정도네요 가죽이다 보니까 다른 에어포스에 비해서 조금은 좁다는 느낌을 받았습니다..!"
"65193941","3976349","2024-10-03","¿¿¿¿¿¿¿¿","칼발이고 길이는 딱 250라 5단위로 나오는 신발은 무조건 245신는데 사이즈 품절이라 250 샀어요ㅠㅠ
길이랑 볼 모두 조금 크긴한데 불편할 정도는 아니라 꽉끈하면 괜찮을 것 같아요"
"66162924","3976349","2024-10-02","밍이가 보구잇쥬","가을에는 올백보다 올검이 진리네요 막 신을수잇고 어디든잘어울립니다"
"65141642","3976349","2024-10-01","야잉양야","에어포스 올검 특유의 운동화에서 나는 구두맛이 넘 맘에들어요!"
"65111399","3976350","2024-09-30","잇이즈굿","흰포스는 클래식이라 진리라는 얘기만 들었지 신어본적은 없었는데 사보니 왜 그런얘기가 나오는지 알겠습니다"
"65068033","3976349","2024-09-28","조화와균형","걍 뭘입어도 어울리고 

구두 대신 신어도 느낌 지대로 납니다..
"
"65025544","3976349","2024-09-26","꼬깔콘킬러","원하는 사이즈가 나오지않아 무한 대기하다가 사이즈가 뜨자마자 바로 구매하였습니다!!
실물이 역시 간지가 터지네요!!!
올검 포스 아주 만족합니다~~~ "
"66318714","3976349","2024-09-24","화정동랄프로렌","1. 나이키 에어포스는 말이 필요없다고 생각합니다.

2. 올블랙이라 오염 걱정없이 신을 수 있고. 더비슈즈 코디하는 느낌으로 슬랙스에 같이 코디하는게 잘 어울리네요.

3. 사이즈는 일반적인 운동화. 평소에 신으시는 사이즈로 선택하시면 될것 같습니다."
"66311358","3976350","2024-09-23","인기있는독일빅백","깔끔한 화이트에 나이키 대표 디자인에 
튀지않고 스타일 살아요
돌고 돌아도 다시 찾게되는 나이키 에어포스.
큰키라서  발사이즈도 큰데 사이즈 편하게 주문했네요
할인좀 해주세요 ㅎ"
"64884957","3976349","2024-09-22","jyj3571","기대한 그 상품입니다 만족하고 있어요 많이파세요
"
"64641790","3976350","2024-09-14","초코모찌모찌","에어포스는 근본이죠! 원래 신던 포스가 더러워져서 이번에 새로 장만했어요! 고댝교 때부터 몇켤레째인지 ㅎㅎ 최고입니다"
"66135366","3976349","2024-09-10","활발한영국아우터",""
"66119038","3976349","2024-09-09","IlIlllIllll","에어포스 올검"
"66127412","3976350","2024-09-09","rkdnfl1","어떤 옷에 입어도 잘 어울려서 너무 좋습니다. 무신사에서 나이키 신발을 만나 볼 수 있는 것도 최고네요~"
"66124685","3976349","2024-09-09","bdenergy","쉽게 코디할수잇고 너무 편합니다 착화감 최고"
"64467068","3976350","2024-09-08","냉정한터키옷장","역시 믿고 사는 에어포스 사이즈는 270신는데 280시켜 봤는데 꽉끈하니깐 280이 더 편한거 같아요"
"64365635","3976349","2024-09-05","작지만크다","기본 검정 베이스로 포인트가 많이 들어가 과한 부분이 있다면 신발로 덜어내주어 좋습니다"
"63749460","3976349","2024-08-14","근육감기","역시 포스는 전통도 있고 색관계없이 명불허전입니다👍👍👍"
"63288518","3976350","2024-08-02","기네스버거","약간 발볼 있는 편인데 280사니까 딱 편하게 잘 맞아요 이쁘고 좋습니다"
"63200677","3976350","2024-07-31","지렁이이잉","그냥 어디에나 잘 어울려요 너무 이쁘고 좋습니다"
"62896737","3976349","2024-07-23","엑슬림","근본중의 근본 에어포스
포스는 주기로 사줘야합니다"
"62790531","3976350","2024-07-21","정교한전주쿠션","역시 나이키입니다. 디자인도 예쁘고 재질도 만족합니다"
"62438611","3976350","2024-07-13","우아한삿포로스판","사이즈가 조금 크게 나온거 빼고는 만족합니다
평소 발등 발볼이 있는편인데 반사이즈 다운해서 주문하니 편하게  맞습니다"
"61911256","3976349","2024-07-03","말셔","역시 나이키입니다
착화감이 매우 편하고
검정색이라 구두대용으로 편하게 휘뚜루마뚜루 신기에도 좋고 스트릿 코디에도 좋습니다"
"61858938","3976349","2024-07-03","숭개미","사이즈 정사이즈 가니까 잘 맞네용 본드자국이 있긴하지만 디자인 예쁘고 착화감 좋고 아주 만족합니다 "
"61604655","3976350","2024-06-30","소중한청색가방","무신사에서도 이제 나이키가 제대로 시작하네요 굳굳"
"61356342","3976349","2024-06-28","성라떼","에어포스가 최고에용
재구매 의사 매우 큽니다 크크"
"61137798","3976349","2024-06-23","자갑","배송이 빠르고, 상품도 마음에 쏙 듭니다. 좋습니다. 최고."
"60885439","3976349","2024-06-17","까모니","포스블랙 깔끔쓰 넘이뻐요
올라운더 당장 구매하자"
"59664520","3976349","2024-05-21","동한건남","어디에나 신기 편해요..! 배송와서 처음 한두번 신을 때는 뻣뻣해서 발이 좀 아팠는데 바로 부드러워지네요"
"59482607","3976350","2024-05-16","감각적인블랙웜톤","포장 잘 되어있고 착한 가격에 나와서 금방 품절됐네요 잘 건졌어요 다음에도 재구매 의사 있습니다"
"59465016","3976349","2024-05-16","gw00ng","올검이다보니 듀브레가 더 돋보이네요. 깔끔하고 활용도가 좋은 제품을 저렴하게 구매해서 굉장히 만족합니다. 정사이즈 착용했는데 편하게 잘 맞아요!"
"59231462","3976349","2024-05-11","천수답","무신사에서 나이키가 입점되어 좀 싸게 구매할수 있는기회가 와서 오랜만에 포스를 사보았습니다. 정말 포스는 편한데다가 두루두루 잘 어울려서 요즘은 이것만 신는 것 같네요. 굽도 좀 있어서 키가 작은 저에겐 좋은 아이템입니다 ㅠ"
"59121315","3976350","2024-05-09","TΗELOVE","역시 포스는 올백포스 네요 

항상 신는 신발인데 공홈보다 싼 가격에 잘샀습니다"
"59003933","3976350","2024-05-07","안녕난루흐피야","나이키 에어포스 국밥템!! 드디어 입문하게 되었는데 너무 이쁩니다!! 어떤 코디에도 잘 어울리는!! 패션계 만능 신발 쵝오!!"
"58905646","3976350","2024-05-04","노이어하우스","만족합니다 이쁘게 잘 신을 수 있을거 같아요
쿠폰으로 싸게쌌어요"
"58775895","3976350","2024-05-02","GYSJJW","역시 에어포스는 필수템!! 소모품처럼 늘 신고 있어요 ㅎㅎ"
"58498528","3976349","2024-04-26","눈물의왕자","흑청이랑 매칭하면 너무 이쁜 연출이 가능합니다!!
흑청이 아니더라도 크림진도 되게 이쁘고 정말 휘뚜루마뚜루 아무데나 매칭해도 잘 어울립니다!
올블랙 신발을 찾으신다면 에어포스를 정말 강력추천드립니다!!
사이즈는 반업~1업이 적당할 거 같습니다!
착화감이 조금 딱딱한 감이 있으나 불편하진 않습니다! 그리고 무신사에서 나이키 구매하니 배송이 정말 빨랐어요!! 로켓배송 부럽지 않은!! 하루만에 도착했답니다!
나이키 무신사 둘 다 최고최고!!"
"58411337","3976349","2024-04-24","아주공갈염소똥10원에12개","나이키 올검포스 무신사 덕분에 할인받아서 싸게 구입했습니다. 배송이 빨라서 좋았어요. "
"58121517","3976350","2024-04-18","새백","역시 근본에는 이유가 있네요 ,, 화이트 스니커즈 어떤 걸 신어도 만족이 안되던 건 다 이 신발이 아른거려서 였을까요,, 드디어 화이트 스니커즈 정착합니다!! 생각보단 발볼이 타이트해서 발볼러분들은 참고하시면 좋을 것 같아요 :)"
"58106575","3976349","2024-04-17","옷이이쁘면사야지","신발 이쁘고 좋아요
정사이즈 사시면 될거같애요"
"58087772","3976349","2024-04-17","삶은계라은","배송이 진짜 빨라요 ㅋㅋ 어제 저녁에 샀는데 오늘 낮에 왔어요 .. 실화 ?? 동생 선물로 샀는데 넘이쁩니당 만족해요 ! 깔끔 ~!"
"77720996","3976349","2025-08-19","하염없이눈물이쏙","모든 코디에 완전 찰떡 !!
이 신발 하나면 멋 부리기 좋음~"
"77720397","3976350","2025-08-19","soimjeh","발볼 때문에 최소 1-2업 필수입니다 기본 입문용"
"77720027","3976350","2025-08-19","현실적인제주패드","예쁩니다..신기도 굉장히편하고 모든 옷에 잘 어울립니다"
"77718620","3976350","2025-08-19","환상적인청록모던","매장서  형꺼사고 좀더 저렴하게  동생껏도 구매요. 역시 나이키 에어포스 깔끔하고  어디든 잘 어울리고  밑창 두깨감도 있어  키높이 효과도 있네요. 편하고 스타일 내기도 굳~"
"77715529","3976350","2025-08-18","고도리도","선물용으로 샀습니다 역시 나이키 에어포스 국밥이네요"
"77714948","3976349","2025-08-18","Qkrtjgm","남자친구 선물로 사줬는데 너무 좋아해요 다행입니당"
"77703243","3976350","2025-08-18","shy1997","역시 명불허전 에어포스입니다 그냥 뭐 다른말이 필요할까요"
"77701409","3976350","2025-08-18","hw-choi","디자인도 너무 이쁘고 편해요! 이쁘게 잘 신을게요"
"77694660","3976349","2025-08-17","NYNAs","역시 근본 신발이라 어다에나 잘 어울려요. 잘 신을게요"
"77693846","3976350","2025-08-17","YongE23","근본이라서 고민없이 망설이지않고 샀어요
너무 예뻐요"
"77691967","4138102","2025-08-17","발랄한파리텀블러","큰아들이 에어포스 기본 250 신는데.. 품절이라..255 그냥 샀는데 조금 큰감이 있지만, 신으니 엄청 이쁘네요~~ 백화점에서 품절되서 얼마전에 못샀었거든요.. 있는거보고 바로 질렀죵~ 잘 신을게용"
"77687312","3976350","2025-08-17","난해한라임피코트","데일리로 막신기엔 요것만한게 없는것 같습니다. 어디에도 잘어울려서 좋아요. 색상이 새거라서 너무 쨍~하니 좀 더럽혀 줘야겠습니다ㅎ"
"77686785","3976350","2025-08-17","옷부자 할래요","역시 국민템 2번째 구매인데 또 만족스럽습니다"
"77685826","3976350","2025-08-17","parisian1992","항상 기본 스타일링으로 좋아서 10년이상 항상 재구매하는 아이템이에요"
"77685283","3976350","2025-08-17","느좋남이되고싶어","어디에나 잘 어울려서 코디하기 좋습니다
신발 특성상 청바지랑 매치하면 더 예쁩니다"
"77684967","3976349","2025-08-17","패션은플로우","에어포스는 기본템이죠
반스265 나이키270 푸마270 신는데 잘 맞습니다"
"77683249","3976349","2025-08-17","마음의소리_j","배송 빠르고 신발도 잘 왔습니다. 에어포스 처음인데 맘에 들어요."
"77682550","3976350","2025-08-17","편한옷좋다","아들이 몇년째 같은 운동화만 신어서 또 구매했습니다 
디자인 심플하고 편해서 좋아합니다"
"77682024","3976349","2025-08-17","과감한자색포멀","살짝 벗겨진 부분이 있지만..
 좌우대칭 괜찮고 사이즈도 잘 맞네요."
"77681150","3976349","2025-08-17","zico9","검포는 체고입니다… 화이트보다 더 잘 신게 돼여 꼭 사세여"
"77680804","3976349","2025-08-17","zwoll","이뻐요 그냥 기본템으로 최고인 말해뭐합니까 최고죠"
"77679591","3976349","2025-08-17","취향저격검정체크","마감이 조금 아쉽네요
그래도 끈 묶으면 티가 안 나서 만족합니다"
"77679013","3976350","2025-08-17","율맘9128","발볼이 넓어서 집에 있는 270이 겨우 들어가서 280으로구매했는데 넉넉해요.키가 훅 커진듯요."
"77678505","3976349","2025-08-16","김마스마스","올해 나이키에서 나온 신발중 명작인듯 합니다 진짜 무난하고 나이키 이름값 하는 신발입니다!!!"
"77678454","3976349","2025-08-16","팍팍한로마체인","색감과 질감이 좋습니다. 발볼이 넓은 편인데 정사이즈 알맞아요. 잘 신고 다니겠습니다."
"77676742","3976350","2025-08-16","멋있는LA스카프","주변 선물용으로 구매했습니다 가격대비 퀄리티가 좋네요."
"77675136","3976349","2025-08-16","개운한그린로우진","배송빠르고요...
에어포스는 역시 말해뭐합니까!
굿입니당"
"77674031","3976350","2025-08-16","비니충충","기본템으로 짱입니다 검정도 구매할려구 열심히 적립금모으고있어요"
"77673983","3976350","2025-08-16","수컷 풍산개","사이즈 맞게 잘왔구 기본템으로써 이리저리 잘 신고다니는중입니다ㅎㅎ"
"77672663","3976349","2025-08-16","노지환0713","확신의 검정포스 어느옷에 입어도 너무 예뻐요. 무난하고 가격도 좋아서 하나씩 장만하기 좋을듯합니다"
"77672213","3976349","2025-08-16","박재진.","급하게 구매했는데 잘 맞아요 다음에 또 구매할게요"
"77670446","3976349","2025-08-16","으메메메","근본이죠 블랙 색상은 없어서 한 번 구매해봤습니다 어느 옷에도 잘 어울립니당"
"77670002","3976350","2025-08-16","pmr7979","발볼러도 편히 착용 가능하네요.
중딩 아들이 너무 좋아해요"
"77666856","3976350","2025-08-16","편안한아말피힐","배송 빠르고 사이즈 적당하고 정품이라서 좋아요"
"77666720","3976349","2025-08-16","스테판커리짱","가볍고 착화감 좋고 무난하고 발편하고~ 
더 말해 뭐해요~~^^ 
단지 가격만 좀 더 내려줬으면~~~ㅎㅎ"
"77664597","3976350","2025-08-16","여우별79","아들의 기본템 신발!
어디에나 어울리는 신발이예요 이쁘요
블랙도 산다고 하네요"
"77619658","3976350","2025-08-16","깜냥이S2","무신사 적립금. 쿠폰 사용해서 저렴하게 구매했습니다!
여기저기 어디든 잘 어울려서 좋아요~~"
"77664477","3976349","2025-08-16","후련한그린진주","너무너무좋아요 진짜 검정기본신발 국밥템 못참아 ㅠㅠ"
"77662968","3976349","2025-08-16","고상한신촌웨지","깔끔한 마감처리와 착용감도 편해서 정말 만족하고 있습니다. 검정 에어포스가 전체적인 느낌을 잘 잡아주는 것 같아요. 어느 옷이든 잘 어울려서 잘 신고 다닐 것 같습니다"
"77662220","3976349","2025-08-16","내꺼에유","깔끔하면서도 요즘 많이 찾는 구두의 느낌을 낼 수 있너서 좋은 것 같아요"
"77662182","3976350","2025-08-16","피그^^","기본 필수 모델
정사이즈로 구매하세요
조금 크게 주문했네요"
"77661279","3976350","2025-08-16","앵구미","색감 너무 좋고 이뻐요. 저렴하게 구매해서 만족합니다"
"77661155","3976350","2025-08-16","앵쓔","그냥 깔끔 완사템입니다. 저렴하게 득템했습니다!"
"77660973","3976350","2025-08-15","우리꺼싸뚜","그냥 깔끔 완사템입니다. 저렴하게 득템했습니다!"
"77658646","3976349","2025-08-15","웰리맘","마음에 들어요 다음에 또 구매할게요 감사합니다."
"77657480","3976350","2025-08-15","다채로운터키수트","역시 근본 그자체 신발입니다 할인할 때 쟁여두기 베스트"
"77653240","3976349","2025-08-15","유스탈","요즘 올빽보다 올검이 예쁘더라고요, 어디에나 잘 어울립니다~"
"77653013","3976350","2025-08-15","애정어린홍대구두","급하게 필요했는데 빨리와서 좋았다. 에어포스 예쁜건  다 알고~ 완전 베스트아이템~  세일할때 샀으면 더 좋았을텐데 ㅎㅎ"
"77650607","3976350","2025-08-15","현란한서초민소매","중딩아들이픽한신발.
반사이즈 줄여서 샀더니 딱잘맞네요.
깨끗하게 잘 신어야할텐데요.ㅋㅋ
이쁘긴하네요."
"77649200","3976350","2025-08-15","감미로운뉴욕시크","깔끔한 화이트 컬러에 로우컷 디자인이라, 어떤 코디에도 부담 없이 녹아드는 만능 신발인거 같습니다."
"77646729","3976350","2025-08-15","순조로운한강골지","말모말모 남자친구 생일선물로 구매했는데 너무 맘에 들어해요"
"75716977","3976349","2025-08-14","삼백삼십이","확실히 증명된 신발, 에어포스는 다릅니당 착화감 편하고 데일리로도 좋아용"
"77637842","3976350","2025-08-14","붕붕부붕붕","기존에 신던 포스가 낡아서 새로 구입했습니다.
그냥 모든 코디에 다 잘묻어서 좋습니다."
"77631716","3976349","2025-08-14","코코팜 포도","믿고 보는 에어포스 어디에나 잘어울려용 강추 드려요"
"77629182","3976350","2025-08-14","bbase","추억의 올빽포스 기본스타일로 신기에는

이만한게 없는거 같아요

딱 본인 정사이즈가면 널널하니 좋아요"
"77627503","3976350","2025-08-14","인천방태커","가지고있으면 한번씩 신게되는 밋으로 구매했슴다"
"77627252","3976349","2025-08-14","eeekss","에어포스블랙없이는 이제 못살아요
또 살거에요"
"77625591","3976350","2025-08-13","잉태","사람들이 흔히 신길래 매번 사볼까? 고민 많이했었는데 왜 흔히 신는지 알겠네요 무슨 착장이든 다 어울리는 매직!"
"77624991","3976350","2025-08-13","sjw_0729","진짜 가볍고 스타일이 너무 이뻐서 자주 신게 됩니다.
신발 없으면 사는거 진짜 강추드립니다"
"77624599","3976350","2025-08-13","피곤한아테네퀄팅","나이키 에어포스 역시 듣던 대로 신발 너무 좋습니다"
"77623872","3976350","2025-08-13","흐르는워싱턴단추","여전히 인기가 많은 에어포스 인데요 저처럼 160후반대 키작남들이 키높이로 신을만한 깔끔한 신발중 하나입니다 발볼적당하고 처음착용했을때 끈이 너무 쪼여있어 불편했는데 다시 풀다가 매듭지어보니 딱좋네요"
"77622132","3976350","2025-08-13","감동받은LA코트","신던게 더러워져 다시 샀어요. 오프라인보다 싸게 살 수 있어 좋아요! 배송도 무지 빨라요"
"77619833","3976349","2025-08-13","폴라88","가볍고 활동하기에 편합니다. 적극 추천 드립니다."
"77619794","3976349","2025-08-13","_이진욱","화이트 블랙 구매해서 데일리 코디에 매차해서 신고 있어요. 편하고 좋아요."
"77614277","3976350","2025-08-13","jeewory","고딩아들 어느옷에나 제일 문안하네요....
제발좀 깨끗하게 신기를 바랍니다 ㅋㅋ"
"77610719","3976350","2025-08-13","_Yeonii","관리만 잘 하면 꾸준히 멋내기 좋은 클래식 아이템."
"77605705","3976349","2025-08-13","완191","필요할때마다 포스는 하나씩 사면 어데든지 쓰이는듯 ㅋㅋ"
"77600077","3976350","2025-08-12","학교가자잉","키가 마이 크지고요 스타일 하기 좋습니다 그리고 색깔도 하얀색이라 무슨 바지에도 잘 어울려요 저는 발볼이 크고 발사이즈 가 작아서 평소 범고래 사이즈 는 270 인데 265 하면 작지는 안습니다 한사이즈 더 올려 신어도 괜찮을거 같아요"
"77599752","3976350","2025-08-12","시원한도트","신기 편하고 스타일도 너무 맘에듭니다~ 처음으로 잘산 신발이네요"
"77596056","3976349","2025-08-12","장하김","편하고 좋아요 역시 나이키 에어포스 bb 잘신을게요"
"77589766","3976350","2025-08-12","조화로운노랑바지","기본템인 만큼 예쁘네요 정사이즈 가시는게 좋을 듯 합니다"
"77587116","3976350","2025-08-12","닉네임띄움안됨","워낙 많이들 신는 신발이고 원래 신던게 너무 오래되서 새로 다시 구매했습니다."
"77585981","3976350","2025-08-12","스트릿한대구후디","한달동안 사용하면서 느껴보니까 너무 편안하고 좋습니다"
"77585416","3976349","2025-08-12","당당한거북이","이걸 왜 더 빨리 안 샀는지 후회돼요 어느 룩에나 찰떡파이입니다"
"77583855","3976349","2025-08-12","햇살망구","아들이 너무좋아합니다 일단 발이 너뭅견하다고 하네요
사이즈는 업하셔야할듯요"
"77581963","3976350","2025-08-12","AndyT","전에 신었었는데 다시 샀어요. 익일도착해서 좋아요."
"77581489","3976350","2025-08-12","cri1119","어떤 스타일에도 잘 어울려 데일리 슈즈로 활용하기 좋습니다. 가벼운 착용감과 부드러운 소재 덕분에 발에 부담이 적고, 쿠션감이 뛰어나 장시간 걸어도 편안함을 유지해줍니다."
"77581469","3976349","2025-08-12","상큼발랄한애니","요기저기. 매치 하기 편하고 신발도 편해서 자주 신어요"
"77581200","3976349","2025-08-12","kess123","튼튼하고좋아요 색감도예쁘고 핏도좋네요 만족합니다"
"77580613","3976350","2025-08-12","chaen.02","아들이 고심 끝에 구입했는데 마음에 들어 하네요. 잘 구입한 것 같아요^~^"
"77578975","3976350","2025-08-12","도도덤","정사이즈 착용이고 처음엔 딱딱하지만 신고 다니다보면 편해질 것 같습니다."
"77577282","3976350","2025-08-11","지나가는쇼핑러","오래 신어도 발아픔 없이 좋아요. 검은색도 사려고 합니다"
"77572561","3976350","2025-08-11","탐나는휴스턴로퍼","아들이 사고 싶어서 주문했어요. 화이트라 어디오이든 잘 어울리네요 여름에는덥겠어요."
"77572295","3976349","2025-08-11","흥미로운도쿄패턴","빠른배송 감사합니다.
주문하고 다음날 도착했어요
신발도 맘에 들고요  아들이 좋아합니다."
"77571152","3976349","2025-08-11","블랙가야간지","검은색 너무 이쁘구 어떤옷이든 잘받쳐신기 편해요 
칼발인데 정사이즈편하고 걷는데 불편함 없이 좋아요"
"77570792","3976350","2025-08-11","박재진.","최근에 필요하게돼서 급하게 구매했는데 너무 마음에 들어요!!"
"77567598","3976349","2025-08-11","물리투","너무이뻐요 에어포스도 있는데 같이 신으면 질리지도 않고 좋을 것 같아요"
"77565021","3976350","2025-08-11","알찬울산츄리닝","아주 무난한 신발이라 여러번 구매해서 신는 신발입니다ㅎ"
"77564441","3976350","2025-08-11","Hyeokmin","깔끔하고 아무 코디에나 다 어울려서 너무 좋아요!"
"77560628","3976350","2025-08-11","무ㅉㅣ","평소에 270신는데 크네요 265로 교환했습니다"
"77559288","3976349","2025-08-11","wpals21","사이즈는 제가보기엔 정 사이즈 사시는게 맞는 거 같고 무난한데 이뻐서 코디 범용성이 넓을 것 같습니다"
"77553351","3976349","2025-08-10","아자자짜짜짜차","사이즈 잘맞아좋네요 신발은 직접신어보고 사야된다고 생각했는데 다행히 잘맞아서 다행이네요"
"77550727","3976350","2025-08-10","최고의크라쿠프핀","몇번째구입하네요
필수 운동화에요 어떤옷이든잘어울립니다"
"77543545","3976350","2025-08-10","하르하루우","너뮤 예뻐요!!
몇년째 에어포스밖에 사지 않는데
역시나 만족스러워요"
"77543089","3976350","2025-08-10","박지원1235","배송 오류없이 잘 도착했고 사이즈가 딱 맞아 아이가 신기 좋았습니다."
"77539692","3976350","2025-08-10","Dahoo","어디든
잘어울리는 만능 저렴하게 구매했습미다"
"77535317","3976349","2025-08-10","박씁","실물이 사진보다 낫습니다 너무 너무 예뻐여 실물이 사진보다 낫습니다 너무 너무 예뻐여"
"77535154","3976350","2025-08-10","추득만이?","남자친구가 가지고 싶아해서 생일선물로 구매햇어용!!
저도 에어포스 졸아햐서 5번 넘게 재구매 햇눈데 드뎌 남친이랑 커플로 신개돼서 좋쿤녀"
"77534557","3976349","2025-08-10","후이이이용","명불허전 포스 입니다 이염이나 주름 같은 중고틱 한거 없이 꺠끗한 제품 왔네요 굳"
"77533105","3976350","2025-08-09","-o-;","에어포스는 근본이죠 잘 신고있습니다 너무 예뻐요"
"77532554","3976349","2025-08-09","BAMBU","포멀한 신발찾다가 선택했습니다. 두루두루 코디 하기 좋고 한사이즈 작아도 될듯해요."
"77528593","3976350","2025-08-09","감사하는자색빅백","사이즈 디자인 너무 마음에듭니다 다음에도 구매"
"77525353","3976350","2025-08-09","ddlliil","배송도 빠르고 신발도 멋지네요. 평소에 한사이즈 업 해서 270 신는데 270 하니까 좋아요."
"77519316","3976349","2025-08-09","현섬님","금요일 밤에 주문했는데 토요일 낮에 바로 도착했습니다 배송 정말 빠르고 사이즈도 딱 맞네요"
"77519032","3976349","2025-08-09","양동이2e","착화감도 좋고 디자인이 너무 예뻐써 편하게 신습니다"
"77517756","3976349","2025-08-09","ericdraven","폭은 좀 좁고, 길이는 좀 길어요. 편하고 이쁩니다, 강추~!"
"77516408","3976350","2025-08-09","강인한힙스터","아들이 너무 좋아하는 신발입니다
1년 내내 신어서 뒷축이 다 망가져서 재구매 했습니다"
"77516322","3976349","2025-08-09","매혹적인청담프릴","정품을 쿠폰으로 더 할인받고 잘구매했어요~! 늘 신던거라 마음에 듭니다"
"77515881","3976350","2025-08-09","대세는시애틀아트","발도 정사이즈고 발볼이 넓은편인데 편하고 좋네요.
에어때문에 키높이도 되어서 좋아요"
"77513842","3976349","2025-08-09","mminnz","에어포스 올검 진짜 여기저기 매치하기 넘 좋아요"
"77513826","3976349","2025-08-09","동동핑핑","평소에 검정 포스 사고 싶었는데 이번에 사서 너무 좋아요! 배송도 빨리사 좋아요!"
"77513605","3976349","2025-08-09","에프니까청춘이당","착용감은 묵직하고 사진이랑 똑같아여 굽이 좀 있어여 예쁩니당"
"77510991","3976349","2025-08-08","쭈굴2","포스는 기본템이라 어디에나 잘 묻습니다 지금은 더워서 선선해지면 신을거같아요"
"77509722","3976350","2025-08-08","시끄러운영국샌들","포스가 역시 제일 최고인듯하네요 모든옷에잘어울려요"
"77506278","3976349","2025-08-08","강력한노란색컷팅","올검  이뻐요~~~아직덥지만 미리미리 준비 해야죠 사이즈 정사이즈에요"
"77506265","3976349","2025-08-08","유능한휴스턴반지","정사이즈로 사셔도 넉넉해요.
어디에든 잘 어울릴것 같아요."
"77505765","3976350","2025-08-08","원활한크림색포멀","나이키하면 에어포스 1 올 화이트죠 어떤 옷을 입어도 다 예쁘게 디자인해주는 마법 같은 신발"
"77503073","3976350","2025-08-08","훌륭한서울버클","사이즈 잘맞고 깔끔하니 발도 편하니 좋아요.^^ 오랜시간 꾸준한 인기 알것 같아요.^^"
"77499399","3976350","2025-08-08","매끄러운강남양복","역시 올백포스는 클래식이죠
클래식은 유행을 타지 않는법"
"77493043","3976349","2025-08-08","씩씩한동대문빅백","최고의 신발.. 무조건 가지고 있어야 되죠~~ 어디에도 잘어울리는 신발이라 좋습니다"
"77492528","3976350","2025-08-08","술두부","기본템 아주좋아요 배송진삐 빠르고 발볼넓어서 편합니다!"
"77491210","3976349","2025-08-08","Luca.","너무 만족할만큼 좋은 제품이에요 추천드립니다!!"
"77489717","3976350","2025-08-08","하능빈","에어포스는 정말 기본템이라 어느 코디에도 잘 어울려서 하나 있으면 너무 잘 신는 신발이죠! 역시나 너무 잘 신고다니고 있습니다! 평소에 280 신고, 발 볼이 있는 편이라 반 사이즈 정도 업 해야하나 했다가 결국 정사이즈로 선택했지만 다행히 잘 맞더라구요! 지금 아주 잘 신고 다니고 있습니다. 다만 신발 특성상 살짝 딱딱해서 발이 살짝 아플 수 있습니다!"
"77489419","3976349","2025-08-07","sxo.9","블랙 운동화는 없어서 기본템인 에어포스로 샀는데 아무옷에나 신어도 다 너무 잘어울려서 맘에 들어요!!"
"77487425","3976349","2025-08-07","성실한울산로맨틱","하얀색 에어포스와 번갈아 가며 신으려고 주문했어요. 올블랙이지만 스타일리쉬 해요"
"77478412","3976349","2025-08-07","굳이해야되니","역시 포스는 항상 믿고 사는것같습니다배송 빠르고 거를타선없습니다"
"77477626","3976350","2025-08-07","한줜","정사이즈로 구매했는데 사이즈도 잘 맞고 착화감이 좋아 3번째 구매중입니다"
"77473792","3976350","2025-08-07","Lenooo","근본 신발인만큼 편하고 어느 옷에든 잘 어울려요"
"77473783","3976350","2025-08-07","교찬률","신을수록 멋스러워요 맘에 듭니다 잘 산 것 같아요"
"77471243","3976349","2025-08-07","옷잘백","신발 배송도 빠르고 색깔도 이쁘고 너무 좋네요오"
"77469044","3976350","2025-08-07","힙한동묘론칭","기본 하얀색이여서 깔끔하고 이쁩니다
하나씩 있으면 좋을 거 같아요"
"77468690","3976350","2025-08-07","felizz","역시 근본 에어포스입니다. 예쁘기도 예쁘고 코디하기도 쉬워오"
"77467913","3976350","2025-08-07","독특한멜버른미니","사이즈 약간 여유있어요.  아들이 마음에 들어하네요."
"77467050","3976350","2025-08-07","신중한방배치마","디자인이 너무 깔끔하고 예뻐서 어디든 잘어울릴것 같아요!"
"77463527","3976349","2025-08-06","후후7777","배송도 빠르고 가볍고 튼튼해서 오래 쓸것 같습니다!"
"77461628","3976350","2025-08-06","장엄한경복궁티켓","✔ 착용감: 신자마자 ""와, 편하다!""는 말이 절로 나왔어요. 쿠션감이 정말 좋아서 오래 걸어도 발에 부담이 없어요. 운동용은 물론, 일상용으로도 무리 없이 딱입니다.

✔ 사이즈: 정사이즈로 주문했는데 발에 잘 맞아요. 발볼이 조금 넓은 편인데도 답답하지 않고 딱 편하게 감싸주는 느낌이에요.

✔ 디자인: 깔끔하면서도 스포티한 느낌이 마음에 들어요. 캐주얼한 옷이랑도 잘 어울리고, 포인트 아이템으로도 괜찮네요.

✔ 활용도: 가벼운 조깅이나 헬스할 때도 좋고, 그냥 외출할 때 신어도 스타일이 살아나요.

📌 총평: 착용감, 디자인, 활용도까지 모두 만족! 운동화 하나로 운동도 하고 스타일도 챙기고 싶다면 강력 추천합니다."
"77460751","3976349","2025-08-06","이번엔뭐사지","실물 당연히 넘 이쁩니다!
하지만 나이키가 마감은 어쩔 수 없네여🥲"
"77459716","3976349","2025-08-06","나는부럽지가않지않어","포스 처음사보는데 너무 예쁘고 깔끔하고 마음에들어요"
"77458241","3976350","2025-08-06","pdmfj","왜 갈수록 비싸지니ㅜ 없으면 그리워지는 신발 참다 또 샀어요"
"77457276","3976350","2025-08-06","OCALL","착화감 좋고 그냥 올백이라 예쁨 이젠 없으면 허전한 존재"
"77455716","3976349","2025-08-06","bbirdd","역시 에어포스입니다. 좋은 가격에 잘 쓰겠습니다."
"77453212","3976350","2025-08-06","절제된벨기에반지","나이키 에어포스는 어느착장에나잘 어울려서^^
발볼이 있고 발등 높은 사람한테 강추!!
정사이즈 신어도 됩니다!
265신었는데 이번에는 좀 
여유있게 신고싶어서
270주문!
할인도 받을 수 있어 좋네요^^"
"77452260","3976350","2025-08-06","Minjae_G","기본이 왜 기본인지 여실히 알게 해 준 신발 , 매번 새로 삼"
"77450888","3976349","2025-08-06","쪼끄메","역시 나이키네요 이쁘기도 하고 발도 편하고 나이키는 항상 정사이즈라 좋은것 같아요 디자인도 예쁘네요"
"77447270","3976350","2025-08-06","박뽈뽈","남칭구 사줬는데 사이즈 딱 맞았고
여행 가서 편하게 잘 신었어요"
"77445321","3976350","2025-08-06","윤정SUNG","매번 가벼운것만 신다가 신었을땐 무거웠지만 계속 신게되는 매력이 있습니다."
"77445198","4138102","2025-08-06","초코송이모자","좀 무겁긴한데 블랙 로고가 예쁨 우먼사이즈라 반업도 괜찮을거같아요"
"77444648","3976349","2025-08-06","Hadahae","편하고 어떤 코디를 해도 잘어울려요! 
배송도 엄청빨리왔어요 ㅎㅎ"
